ordersorder_number,first_name,Last_name,customercustomee_id,EmployerEmployee_id
738411,Azaria,Flores,5959,24
243215,Saniya,Hahn,7056,22
768582,Brianna,Wagner,3664,31
122407,Jake,Sheppard,6579,23
261593,Maximo,Franklin,8553,30
86535,Kayla,Bowers,3315,32
613962,Cassandra,Glenn,9883,3
640119,Tristian,Manning,7799,24
905468,Bo,Bowen,5447,27
704520,Jadyn,Richmond,6679,27
680061,Baron,Harris,4158,22
231891,Israel,Powers,3732,5
576965,Makai,Mcknight,4513,12
870127,Keith,Gonzales,8766,20
503219,Julia,Sampson,9559,22
394784,Johnathon,Hardy,9800,34
468392,Jude,Velasquez,9663,17
898938,Fernanda,Delgado,6590,17
798388,Tiana,English,7195,24
823244,Kali,Brandt,9868,20
307245,Zander,Nguyen,4730,1
740279,Mariah,Richmond,7784,31
651288,Kamila,Nixon,5204,3
13566,Morgan,Kent,5258,34
155968,Carolina,Munoz,4246,27
751781,Solomon,Frank,8879,26
613887,Dalia,Turner,8854,17
240742,Edith,Murray,3803,10
389284,Nelson,House,5901,7
470360,Dangelo,Barron,3954,33
875753,Kingston,Andersen,6554,33
890624,Alexis,Proctor,3112,23
659947,Jaqueline,Herman,3779,15
574537,Kamron,Skinner,3973,21
835844,Hayden,Wu,6674,31
613921,Olive,Frederick,7139,33
52310,Aliyah,Chen,3034,35
71829,Kelly,Leon,3621,11
268537,Kamila,Ross,9154,22
237087,Case,Wise,7147,8
881514,Carolyn,Ross,6618,13
502485,Danny,Nunez,8720,6
38592,Semaj,Petty,7806,30
206835,Kayla,Archer,9530,21
502297,Kaya,Mendez,8329,5
131700,Elianna,Weber,5371,29
76447,Yesenia,Schroeder,3033,29
327331,Josie,Gomez,4709,29
139372,Selena,Mclaughlin,3880,19
455265,Bella,Rasmussen,3560,13
139312,Briley,Roberson,7669,11
672839,Rayna,Esparza,4030,31
576783,Bailey,Porter,6400,25
724835,Andre,Hickman,3971,17
969863,Marina,Fernandez,4245,30
624137,Everett,Davila,8789,7
582083,Zoie,Fisher,6802,31
111325,Carlie,Frank,9587,23
416922,Cristian,Nunez,4644,1
69041,Jeremy,Walters,8409,11
75400,Kaitlyn,Castro,4240,9
153142,Jazlynn,Peters,3377,1
313508,Giada,Hardin,4695,26
773648,Amari,Bowers,3813,21
945529,Chelsea,Esparza,3355,13
625155,Valentina,Cohen,4664,8
881451,Titus,Yates,8065,25
576235,Kyleigh,Cooper,7533,35
774393,Shyla,Oliver,7981,30
125129,Samantha,Lam,3714,9
388635,Cecelia,Wolfe,4025,33
445288,Bernard,Ball,3650,24
148449,Dwayne,Roberts,3192,4
351598,Jax,Parsons,6635,2
320271,Kelton,Fox,5106,12
687742,Kobe,Hubbard,5114,23
942230,Larry,Hutchinson,4744,11
671275,Joy,Le,9475,13
705698,Dwayne,Terry,8976,15
220532,Shaniya,Gonzales,7556,26
92191,Payton,Holt,9649,13
617739,Lilly,Monroe,6116,28
869452,Delilah,Pineda,3713,9
689470,Zackery,Lucero,4946,18
429032,Fabian,Carr,9565,3
471121,Rowan,Bruce,3749,29
811733,Gracelyn,Singleton,9027,6
230314,Azul,Ortega,3938,24
839882,Korbin,Pruitt,4330,8
917141,Damari,Crane,9564,31
446189,Lukas,Hudson,9866,28
332119,Markus,Price,6159,17
571977,Serena,Chase,5058,31
215012,Nickolas,Neal,7734,19
969377,Kimora,Rasmussen,7865,17
140065,Jordon,Sloan,4253,22
784938,Rishi,Hodges,3594,29
803326,Cash,Love,5634,34
844590,Dayami,Johnson,9711,15
763753,Alexander,Allen,9210,30
